Classifier,ADASYN,BorderlineSMOTE,RandomOverSampler,RandomUnderSampler,SMOTE
DecisionTreeClassifier,98.0392156862745,98.0392156862745,25.0,99.01960784313727,98.69281045751634
GradientBoostingClassifier,98.69281045751634,99.34640522875817,25.0,99.67320261437908,99.01960784313727
LogisticRegression,91.50326797385621,98.0392156862745,25.0,91.50326797385621,90.84967320261438
RandomForestClassifier,99.34640522875817,100.0,25.0,100.0,99.01960784313727
SVC,69.28104575163398,83.66013071895425,0.0,69.6078431372549,72.54901960784314
